NTV17,SOM,0,2
NTV18,Multichannel|Logistic Set Up|for Stores,1,1.5
NTV19,Multichannel|Returns|Management,0,1
NTV20,eCom|Global|Rollout,1,0
NTV36,Tax 4|Orders,0,0
NTV01,One COS,0,9.5
NTV02,SAREC+,1,5
NTV03,POS|Upgrade,1,6
NTV05,PinS,1,11
NTV06,Centiro FR,1,9
NTV07,Quality|Deviation ,1,8
NTV09,One|Common|Replenishment,1,4
NTV12,Support Ticket|Management|pre-study,0,7
NTV13,Support Ticket|Management,1,7
NTV16,Multichannel|Replenishment|pre-study,0,4
NTV04,STMS|Delivery|Planning,5,1
NTV08,New|Shortage Handling|pre-study,5,0
NTV10,DWP,5,2
NTV11,Future BI|Landscape,5,3
NTV14,Integrated|Finance|Platform,5,4
NTV15,Traceability,5,5
NTV21,Local Integration|Platform|pre-study,2,5
NTV22,Local|Integration|Platform,3,4.5
NTV23,Cash|Management|pre-study,2,7
NTV24,Cash|Management,3,7
NTV25,Customer|Financing|Re-Design pre-study,2,6
NTV26,Customer|Financing|Re-Design,3,6
NTV27,Receipt|Management|pre-study,3,8
NTV28,Receipt|Management/Integration|move-out,4,8
NTV29,Customer Order|Management Clean-Up|pre-study,2,10
NTV30,Customer Order|Management|Clean-Up,3,10
NTV31,Local Pricing|Management,3,3
NTV32,Local Pricing|Management|pre-study,2,3
NTV33,Store Range|Management|move-out,3,1
NTV34,Reporting|pre-study,3,2
NTV35,Secure|Reporting,4,2
NTV37,TAX Information|and Calculation|pre-study,2,11
NTV38,Store Logistic|SLM/SGF|pre-study,2,0
NTV39,Sales Location|Management|move-out,3,0
NTV40,Store Logistic|Operation|move-out,4,1
NTV41,Secure|Local|Solutions,4,5
NTV42,Proof of|Concept,4,9
NTV43,MHS Initial|Clean-Up,4,10
NTV44,Standardize|and Prepare,4,11
NTV45,Remove MHS|System Dependencies|pre-study,2,4
NTV46,Remove|MHS System|Dependencies,4,4
NTV47,Store Range|Management|pre-study,2,1
NTV48,Remove|SG 87,2,8
NTV49,Static|Retail Tax|Information,3,11
NTV50,Returns|pre-study,2,9
NTV51,Returns,3,9
NTV52,Business Credit|Management/RIMS,4,6
