A,,id,,header,ID
,,name,,header,Initiative
,,state,,header,Initiative Status
,,start,,header,Expected Start date
,,end,,header,Expected End date
,,type,,header,Initiative Type
,,category,,header,Initiative Category
H,,program,Program,gen-info,Program
,,function,,gen-info,MHS Functionality
,,objective,,gen-info,Project Objective
,,tp_objective,,gen-info,MHS TP Objective
,,tp_pdi_covered,Bool,gen-info,MHS TP PDI covered
,,tp_scope_covered,Bool,gen-info,MHS TP Scope covered
,,ex_scope_approved,Bool,gen-info,Additional scope approved (If applicable)
,,process,Process,gen-info,IWOW Process    LEVEL 0
,,,,gen-info,Process Owner
,,,,gen-info,Process Leader
,,demand,,gen-info,Demand Areas       LEVEL 0
,,solution,,gen-info,Solution area
,,biz_arch_man,Person,gen-info,Business Architect Manager (BAM)
,,it_arch_man,Person,gen-info,IT Architect Manager (ITAM)
,,sg_chair,Person,gen-info,Chairman for SG
,,sg_sponsor,Person,gen-info,Sponsor for SG
,,sg_tp_rep,Person,gen-info,MHS TP Representative in SG
,,orderer,Person,gen-info,Orderer
,,owner,Person,gen-info,Owner
,,biz_proj_man,Person,gen-info,Business Project Manager
,,it_proj_man,Person,gen-info,IT Project manager
AD,PreStudy,forums_anchored,Bool,pre-pre,Anchored with applicable forums
,PreStudy,forums,,pre-pre,IF YES OR NO- WHICH FORUMS
,PreStudy,budget_secured,Bool,pre-pre,Budget Secured (Clarity)
AH,PreStudy,approved_by_sg,Bool,pre-info,MHS TP SG Approval of starting up Prestudy
,PreStudy,approach_approved,Bool,pre-info,Prestudy approach approved
,PreStudy,forums_pdi_approved,Bool,pre-info,Approved Pre-study PDI in applicable forums
,PreStudy,it_bluprint_done,Bool,pre-info,Pre-study IT Blueprint conducted
,PreStudy,sg_appointed,Bool,pre-info,SG for Prestudy appointed
,PreStudy,funds_secured,Bool,pre-info,Funds Secured for Prestudy
,PreStudy,biz_study_done,Bool,pre-info,Business study conducted
,PreStudy,solution_study_done,Bool,pre-info,Solution study conducted
,PreStudy,report_approved,Bool,pre-info,Pre-study Report approved by Pre-study SG
BA,,cost_estimate,,time-cost,HL Cost Estimation Total Initative
,,time_estimate,,time-cost,HL Time Estimation total initative
BD,NonPreStudy,projs_mapped,Bool,depend,Mapped dependencies to other projects
,NonPreStudy,pro_mapped,Bool,depend,Mapping dependencies to Process conducted
,NonPreStudy,org_mapped,Bool,depend,Mapping dependencies to Organisation conducted
,NonPreStudy,org_dependence,,depend,Where in the organisation(department) does the dependency lie
,NonPreStudy,tec_mapped,Bool,depend,Mapping dependencies to technology conducted
,NonPreStudy,tec_dependence,Bool,depend,Dependent on technology
BK,NonPreStudy,pro_impact,,impact,Process
,NonPreStudy,pro_impact_when,,impact,WHEN
,NonPreStudy,org_impact,,impact,Organisation
,NonPreStudy,org_impact_users,,impact,Number of impacting end user
,NonPreStudy,org_impact_when,,impact,WHEN
,NonPreStudy,tec_impact,,impact,Technology: Change impact system development
,NonPreStudy,tec_impact_when,,impact,WHEN
,NonPreStudy,inf_impact,,impact,Information: Change impact for user
,NonPreStudy,inf_impact_when,,impact,WHEN
BU,,gut_feeling,,run-info,"""Gut feeling"""
,,important_milestone,,run-info,Important milestone
,,dp1_planned,,run-info,Planned DP1
,,dp1_actual,,run-info,Actual DP1
,,dp1_critical,,run-info,TP Critical DP1
,,dp3_planned,,run-info,Planned DP3
,,dp3_actual,,run-info,Actual DP3
,,dp3_critical,,run-info,TP Critical DP3
,,dp6_planned,,run-info,Planned DP6
,,dp6_actual,,run-info,Actual DP6
,,dp6_critical,,run-info,TP Critical DP6
,,dp8_planned,,run-info,Planned DP8
,,dp8_actual,,run-info,Actual DP8
,,dp8_critical,,run-info,TP Critical DP8
