col,row,id,name,state,type,cat,start,end,prog
1,8,NTV01,One COS,CLOSED,PROJECT,DEPENDENCY,N/A,N/A,Planned Business 
1,9,NTV02,SAREC+,ROLL-OUT,PROJECT,DEPENDENCY,N/A,FY16,Planned Business 
1,10,NTV03,POS|Upgrade,ROLL-OUT,PROJECT,DEPENDENCY,N/A,FY15 T3,Planned Business 
5,4,NTV04,STMS|Delivery|Planning,RUNNING,PROJECT,IMPACTING,N/A,TBD,Planned Business 
1,6,NTV05,PinS,ROLL-OUT,PROJECT,DEPENDENCY,N/A,N/A,Planned Business 
1,7,NTV06,Centiro FR,CLOSED,PROJECT,DEPENDENCY,N/A,N/A,Planned Business 
0,9,NTV07,Quality|Deviation ,RUNNING,PROJECT,DEPENDENCY,N/A,FY16 T1,Planned Business 
5,9,NTV08,New|Shortage Handling|pre-study,RUNNING,PRE-STUDY,IMPACTING,FY15 ,FY15 ,Planned Business 
1,11,NTV09,One|Common|Replenishment,NOT STARTED,PROJECT,DEPENDENCY,FY16,FY17 T3,Planned Business 
5,5,NTV10,DWP ,RUNNING,PROJECT,IMPACTING,FY15 ,FY15 ,Planned Business 
5,6,NTV11,Future BI|Landscape,RUNNING,PROJECT,IMPACTING,FY14,FY16 T2,Planned Business 
0,4,NTV12,Support Ticket|Management|pre-study,NOT STARTED,PRE-STUDY,DEPENDENCY,FY15 T3,FY16 T1,Planned Business 
1,4,NTV13,Support Ticket|Management,NOT STARTED,PROJECT,DEPENDENCY,FY16,TBD,Planned Business 
5,7,NTV14,Integrated|Finance|Platform,RUNNING,PROJECT/PROGRAM,IMPACTING,FY15 ,FY20,Planned Business 
5,8,NTV15,Traceability,NOT STARTED,PROJECT,IMPACTING,FY16,TBD,Planned Business 
0,8,NTV16,Multichannel|Replenishment|pre-study,CLOSED,PRE-STUDY,DEPENDENCY,N/A,N/A,Planned Business 
2,2,NTV17,SOM,RUNNING,PROJECT,DEPENDENCY,N/A,FY16,eCommerce Program 
3,2,NTV18,Multichannel|Logistic Set Up|for Stores,RUNNING,PROJECT,IMPACTING,N/A,FY16,eCommerce Program 
3,1,NTV19,Multichannel|Returns|Management,RUNNING,PROJECT,IMPACTING,N/A,FY16,eCommerce Program 
4,1,NTV20,eCom|Global|Rollout,RUNNING,PROJECT,DEPENDENCY,N/A,FY17 ,eCommerce Program 
2,6,NTV21,Local Integration|Platform|pre-study,RUNNING,PRE-STUDY,MHS TP,FY15 T1,FY15 T2,MHS Transformation Program 
3,6,NTV22,Local|Integration|Platform,NOT STARTED,PROJECT,MHS TP,FY16 T1,FY16 T3,MHS Transformation Program 
2,11,NTV23,Cash|Management|pre-study,NOT STARTED,PRE-STUDY,MHS TP,FY16 T1,FY16 T1,MHS Transformation Program 
3,11,NTV24,Cash|Management ,NOT STARTED,PROJECT,MHS TP,FY16 T2,FY17 T2,MHS Transformation Program 
2,7,NTV25,Customer|Financing|Re-Design pre-study,RUNNING,PRE-STUDY,MHS TP,FY15 T1,FY15 T3,MHS Transformation Program 
3,7,NTV26,Customer|Financing|Re-Design,NOT STARTED,PROJECT,MHS TP,FY16 T1,FY16 T3,MHS Transformation Program 
2,8,NTV27,Receipt|Management|pre-study,NOT STARTED,PRE-STUDY,MHS TP,FY16 T1,FY16,MHS Transformation Program 
3,8,NTV28,Receipt|Management/Integration|move-out,NOT STARTED,PROJECT,MHS TP,FY17 ,FY18 ,MHS Transformation Program 
2,10,NTV29,Customer Order|Management Clean-Up|pre-study,NOT STARTED,PRE-STUDY,MHS TP,FY15 T2,FY15 T3,MHS Transformation Program 
3,10,NTV30,Customer Order|Management|Clean-Up,NOT STARTED,PROJECT,MHS TP,FY15 T3,FY16 T2,MHS Transformation Program 
3,5,NTV31,Local Pricing|Management,NOT STARTED,PROJECT,MHS TP,FY15 T2,FY16 T3,MHS Transformation Program 
2,5,NTV32,Local Pricing|Management|pre-study,RUNNING,PRE-STUDY,MHS TP,FY15 T1,FY15 T2,MHS Transformation Program 
4,7,NTV33,Store Range|Management|move-out,NOT STARTED,PROJECT,MHS TP,FY17 T1,FY18 ,MHS Transformation Program 
2,15,NTV34,Reporting|pre-study,CLOSED,PRE-STUDY,MHS TP,FY14,FY14,MHS Transformation Program 
3,15,NTV35,Secure|Reporting,RUNNING,PROJECT,MHS TP,FY15 T1,FY16 T2,MHS Transformation Program 
2,0,NTV36,Tax 4|Orders,RUNNING,PROJECT,DEPENDENCY,N/A,FY15 ,eCommerce Program 
2,12,NTV37,TAX Information|and Calculation|pre-study,CLOSED,PRE-STUDY,MHS TP,N/A,N/A,MHS Transformation Program 
2,13,NTV38,Store Logistic|SLM/SGF|pre-study ,RUNNING,PRE-STUDY,MHS TP,FY15 T1,FY15 T2,MHS Transformation Program 
3,12,NTV39,Sales Location|Management|move-out,NOT STARTED,PROJECT,MHS TP,FY18 ,FY22 ,MHS Transformation Program 
3,13,NTV40,Store Logistic|Operation|move-out,NOT STARTED,PROJECT,MHS TP,FY18 ,FY22 ,MHS Transformation Program 
4,6,NTV41,Secure|Local|Solutions,NOT STARTED,PROJECT/ACTIVITY,MHS TP,FY15 T2,FY15 T3,MHS Transformation Program 
4,11,NTV42,Proof of|Concept ,RUNNING,ACTIVITY,MHS TP,N/A,FY15 T2,MHS Transformation Program 
4,12,NTV43,MHS Initial|Clean-Up,RUNNING,ACTIVITY,MHS TP,FY14,FY15 T3,MHS Transformation Program 
4,13,NTV44,Standardize|and Prepare,RUNNING,ACTIVITY,MHS TP,FY15 ,FY20,MHS Transformation Program 
3,4,NTV45,Remove MHS|System Dependencies|pre-study,NOT STARTED,PRE-STUDY,MHS TP,FY16 T1,FY16 T2,MHS Transformation Program 
4,4,NTV46,Remove|MHS System|Dependencies,NOT STARTED,PROJECT,MHS TP,FY16 T3,FY17 T3,MHS Transformation Program 
2,14,NTV47,Store Range|Management|pre-study,NOT STARTED,PRE-STUDY,MHS TP,FY16 T2,FY16 T3,MHS Transformation Program 
4,14,NTV48,Remove|SG 87,RUNNING,ACTIVITY,DEPENDENCY,FY15 T2,FY16 T1,MHS Transformation Program 
3,14,NTV49,Static|Retail Tax|Information,NOT STARTED,PROJECT/ACTIVITY,MHS TP,FY15 T3,FY16,MHS Transformation Program 
2,9,NTV50,Returns|pre-study,NOT STARTED,PRE-STUDY,MHS TP,FY15 T2,FY16 T1,MHS Transformation Program 
3,9,NTV51,Returns,NOT STARTED,PROJECT,MHS TP,FY16 T2,FY18 ,MHS Transformation Program 
4,15,NTV52,Business Credit|Management/RIMS,RUNNING,ACTIVITY,MHS TP,FY15 T1,FY16 T2,MHS Transformation Program 
