_id,name,area,ident,ibcm,function_id,init_id,descr,notes
CAP0001,Cash management,Customer Payments,CP.1,14.03.04 Cash management,FUN0009,INI0024,,
CAP0002,Invoicing,Customer Payments,CP.2,14.06.01 Credit control and management,FUN0009,INI0026,,
CAP0003,Integration Point for receipts,Customer Payments,CP.3,14.03.02 Receipt creation,FUN0009,INI0028,,
CAP0004,Tender Management,Customer Payments,CP.4,"14.08.01 Period Closing, Consolidation and Reconciliation",FUN0009,INI0024,,
CAP0005,Operational Storage of Receipts ,Customer Payments,CP.5,14.03.02 Receipt creation,FUN0009,INI0028,,
CAP0006,Cash Reconciliation,Financial Management,FM.1,"14.08.01 Period Closing, Consolidation and Reconciliation",FUN0008,INI0024,,
CAP0007,Business Unit Accounting ,Financial Management,FM.2,"14.08.01 Period Closing, Consolidation and Reconciliation",FUN0008,,,
CAP0008,Consolidation of Sales data,Financial Management,FM.3,"14.08.01 Period Closing, Consolidation and Reconciliation",FUN0008,,,
CAP0009,Integration point for sales data,Financial Management,FM.4,"14.08.01 Period Closing, Consolidation and Reconciliation",FUN0008,INI0046,,
CAP0010,Staff purchase follow up,Financial Management,FM.5,14.02.01 Business transaction recording,FUN0008,,,
CAP0011,Define VAT Rates,Financial Management,FM.6,14.04.02 Indirect Tax Management,FUN0011,INI0049,,
CAP0012,Integration point for VAT Information,Financial Management,FM.7,14.04.02 Indirect Tax Management,FUN0011,INI0049,,
CAP0013,VAT reporting,Financial Management,FM.8,14.04.02 Indirect Tax Management,FUN0011,INI0049,,
CAP0014,Payment In Advance booking,Financial Management,FM.9,14.04.02 Indirect Tax Management,FUN0011,INI0026,,
CAP0015,Goods Receiving,Store Logistic Operations,SLO.1,08.03.02 Store Logistic Operations,FUN0004,INI0040,,
CAP0016,Goods dispatch,Store Logistic Operations,SLO.2,08.03.02 Store Logistic Operations,FUN0004,INI0040,,
CAP0017,Inventory,Store Logistic Operations,SLO.3,08.03.02 Store Logistic Operations,FUN0004,INI0040,,
CAP0018,Recovery,Store Logistic Operations,SLO.4,08.03.02 Store Logistic Operations,FUN0004,INI0040,,
CAP0019,Put away execution,Store Logistic Operations,SLO.5,08.03.02 Store Logistic Operations,FUN0004,INI0040,,
CAP0020,Store Warehouse Administration,Store Logistic Operations,SLO.6,08.03.02 Store Logistic Operations,FUN0004,INI0040,,
CAP0021,Store warehouse control,Store Logistic Operations,SLO.7,08.03.02 Store Logistic Operations,FUN0004,INI0040,,
CAP0022,Order Picking,Store Logistic Operations,SLO.8,08.03.02 Store Logistic Operations,FUN0004,INI0040,,
CAP0023,Order Consolidation,Store Logistic Operations,SLO.9,08.03.02 Store Logistic Operations,FUN0004,INI0040,,
CAP0024,Order Handout,Store Logistic Operations,SLO.10,08.03.02 Store Logistic Operations,FUN0004,INI0040,,
CAP0025,Order Returns,Store Logistic Operations,SLO.11,08.03.02 Store Logistic Operations,FUN0004,INI0040,,
CAP0026,Store Material Flow Control support,Store Logistic Operations,SLO.12,08.03.02 Store Logistic Operations,FUN0004,INI0040,,
CAP0027,Reporting,Store Logistic Operations,SLO.13,08.03.02 Store Logistic Operations,FUN0004,INI0040,,
CAP0028,Tracking of goods movements,Store Logistic Operations,SLO.14,08.03.02 Store Logistic Operations,FUN0004,INI0040,,
CAP0029,Sales order offline mode,Sales Order Management,SOM.1,16.02.01 Integration,FUN0006,INI0046,,
CAP0030,Sales order integration,Sales Order Management,SOM.2,16.02.01 Integration,FUN0006,INI0046,,
CAP0031,Item reservations,Sales Order Management,SOM.3,08.01.03 Sales Order Management,FUN0006,INI0040,,
CAP0032,Sales Order Execution,Sales Order Management,SOM.4,08.01.03 Sales Order Management,FUN0006,INI0040,,
CAP0033,Sales stops,Selling & CRM,SC.1,,FUN0007,INI0007,,
CAP0034,Home Delivery Service (HODS),Selling & CRM,SC.2,11.02.01 Sales Order Capture / 08.01.03 Sales Order Management,FUN0007,INI0030,,
CAP0035,Backup for iSell cash and carry sales,Selling & CRM,SC.3,11.02.01 Sales Order Capture,FUN0007,INI0030,,
CAP0036,Return Management,Selling & CRM,SC.4,11.04 Returns Management,FUN0003,INI0013,,
CAP0037,Return Non Functional Requirements,Selling & CRM,SC.5,11.04 Returns Management,FUN0003,INI0013,,
CAP0038,Initiate recovery process,Selling & CRM,SC.6,11.05 Recovery,FUN0003,INI0013,,
CAP0039,Fraud prevention,Selling & CRM,SC.7,14.03.01 Payment confirmation and fraud detection,FUN0003,INI0013,,
CAP0040,Tender type mapping,Selling & CRM,SC.8,14.03.05 Refund and compensation,FUN0003,INI0013,,
CAP0041,Reporting,Selling & CRM,SC.9,11.04 Returns Management,FUN0003,INI0013,,
CAP0042,Operational storage of returns,Selling & CRM,SC.10,11.04 Returns Management,FUN0003,INI0013,,
CAP0043,Availability ,Selling & CRM,SC.11,11.04 Returns Management,FUN0003,INI0013,,
CAP0044,Maintain Sales Space input parameters,Merchandising,ME.1,9.05 Sales Space Planning,FUN0005,INI0039,,
CAP0045,Calculate recommended Sales Space frames,Merchandising,ME.2,9.05 Sales Space Planning,FUN0005,INI0039,,
CAP0046,Manage Sales Space time frame,Merchandising,ME.3,9.05 Sales Space Planning,FUN0005,INI0039,,
CAP0047,Maintain Sales Space dimensioning from calculated recommendation,Merchandising,ME.4,9.05 Sales Space Planning,FUN0005,INI0039,,
CAP0048,Manage Sales Space adjustments,Merchandising,ME.5,9.05 Sales Space Planning,FUN0005,INI0039,,
CAP0049,Calculate Replenishment parameters,Merchandising,ME.6,9.05 Sales Space Planning,FUN0005,INI0039,,
CAP0050,Execute on Sales Space alerts,Merchandising,ME.7,9.05 Sales Space Planning,FUN0005,INI0039,,
CAP0051,Manage and control of Sales Spaces,Merchandising,ME.8,9.05 Sales Space Planning,FUN0005,INI0039,,
CAP0052,Manage base data for sales steering of Products based on turnover and margin,Merchandising,ME.9,9.05 Sales Space Planning,FUN0005,INI0039,,
CAP0053,Recalculation on request,Merchandising,ME.10,9.05 Sales Space Planning,FUN0005,INI0039,,
CAP0054,Reporting,Merchandising,ME.11,9.05 Sales Space Planning,FUN0005,INI0039,,
CAP0055,Manage regular sales price on Business Unit/Channel level,Merchandising,ME.12,9.02 Pricing Management,FUN0001,INI0031,,
CAP0056,Manage loyalty customer sales price on Business Unit/Channel level,Merchandising,ME.13,9.02 Pricing Management,FUN0001,INI0031,,
CAP0057,Defines the range available for selling on business unit level,Merchandising,ME.14,9.01 Assortment Planning,FUN0001,INI0033,,
CAP0058,Local Sales Information,Merchandising,ME.15,9.01 Assortment Planning,FUN0001,INI0033,,
CAP0059,Price Tag Information,Merchandising,ME.16,9.02 Pricing Management,FUN0001,INI0053,,
CAP0060,Lowest Price Handling,Merchandising,ME.17,9.02 Pricing Management,FUN0001,INI0031,,
CAP0061,Manage product attributes,,ME.18,9.01 Assortment Planning,,INI0033,,
CAP0062,Integration point for range and price information,,ME.19,,,INI0046,,
CAP0063,Safety stock calculation,Demand & Supply Chain Planning,SCP.1,06.03 Global Inventory Optimisation,FUN0002,INI0009,,
CAP0064,Trends,Demand & Supply Chain Planning,SCP.2,06.01.01 Base Forecast Planning,FUN0002,INI0009,,
CAP0065,Manage local / global activities and promotions,Demand & Supply Chain Planning,SCP.3,06.01.03 Forecast Deviation Identification,FUN0002,INI0009,,
CAP0066,Forecast calculation,Demand & Supply Chain Planning,SCP.4,06.01.01 Base Forecast Planning,FUN0002,INI0009,,
CAP0067,Shortage calculation,Demand & Supply Chain Planning,SCP.6,06.01.03 Forecast Deviation Identification,FUN0002,INI0009,,
CAP0068,Provide local cache,IT for IT,II.1,16.02.01 Integration,FUN0013,INI0022,,
CAP0069,Support all IKEA approved integration mechanisms,IT for IT,II.2,16.02.01 Integration,FUN0013,INI0022,,
CAP0070,Convert req-resp to reliable messaging,IT for IT,II.3,16.02.01 Integration,FUN0013,INI0022,,
CAP0071,Convert from one mechanism to another,IT for IT,II.4,16.02.01 Integration,FUN0013,INI0022,,
CAP0072,Data storage,IT for IT,II.5,16.02.01 Integration,FUN0013,INI0022,,
CAP0073,Backup to functioning hardware,IT for IT,II.6,16.02.04 Access And Security,FUN0015,,,
CAP0074,Client tools to be able to access backups,IT for IT,II.7,16.02.04 Access And Security,FUN0015,,,
CAP0075,Cross process reporting,Business Intelligence,BI.1,,FUN0012,INI0035,,
CAP0076,Operational reporting,Business Intelligence,BI.2,,FUN0012,,,Each move out takes its operational reporting
CAP0077,Tactical and Strategic reporting,Business Intelligence,BI.3,,FUN0012,INI0035,,
CAP0078,Service Level Measurement,Business Intelligence,BI.3.01,,FUN0012,INI0035,,
CAP0079,Archiving,Business Intelligence,BI.4,,FUN0012,INI0035,,
