_id,name,removed,state,start,end,type,category,program_id,function_ids,objective,tp_objective,tp_pdi_covered,tp_scope_covered,ex_scope_approved,process_id,demand,solution,biz_arch_man_id,it_arch_man_id,sg_chair_id,sg_sponsor_id,sg_tp_rep_id,orderer_id,owner_id,biz_proj_man_id,it_proj_man_id,forums_anchored,forums,budget_secured,approved_by_sg,approach_approved,forums_pdi_approved,it_bluprint_done,sg_appointed,funds_secured,biz_study_done,solution_study_done,report_approved,cost_estimate,time_estimate,projs_mapped,pro_mapped,org_mapped,org_dependence,tec_mapped,tec_dependence,pro_impact,pro_impact_when,org_impact,org_impact_users,org_impact_when,tec_impact,tec_impact_when,inf_impact,inf_impact_when,gut_feeling,important_milestone,dp1_planned,dp1_actual,dp1_critical,dp3_planned,dp3_actual,dp3_critical,dp6_planned,dp6_actual,dp6_critical,dp8_planned,dp8_actual,dp8_critical,byprog_col,byprog_row,byprog_txt
INI0049,Static Retail Tax Information,0,Not Started,FY15-T3,FY16-T3,Project/Activity -TBD,MHS TP,PGM0003,FUN0011,To have one place for administrating TAX and one common source for this information,Remove TAX Administration and integration from MHS. Remove Currency data.,,,,PCS0002,Supporting,Finance,ACT0009,,,ACT0010,,,,,,,,,,,,,,,,,,,,,,,,,,,?,?,?,?,M,?,M,FY16/T?,,,,,,,,,,,,,,2017.08.31,3,11,Static|Retail Tax|Information
INI0048,Remove SG 87,0,Running,FY15-T2,FY16-T1,Activity,Dependency,PGM0003,FUN0011,Remove need to use a specific item for handling pre payment information at Ikea,Remove MHS logic connected to pre payment item,,,,PCS0002,Supporting,,ACT0009,,,ACT0010,,,,,,,,,,,,,,,,,,,,,,,,,,L,FY16/T?,L,1000?,FY16/T?,M,FY15/T2-FY16,M,FY16/T?,,,,,,,,,,,,,,2017.08.31,2,8,Remove|SG 87
INI0030,Customer Order Management clean-up,0,Not Started,FY15-T3,FY16-T2,Project,MHS TP,PGM0003,FUN0006,"Move all CCD and old C&C order structures, report and screens from MHS. Secure that WinMHS is really closed down.",Cleanup old C&C and CCD order management in MHS. Also remove DB server.,,,,PCS0001,Retail & Expansions,,ACT0003,ACT0018,,ACT0024,,ACT0068,ACT0034,,,,,,,,,,,,,,,,,,,,,1,1,L,FY16/T2-T3?,L,?,FY16/T2-T3,M,FY16,L,FY16/T2-T3?,,,Emil: 2015.09.01,,,,,,,,,Emil: 2016.08.31,,,3,10,Customer Order|Management|Clean-Up
INI0031,Local Pricing Management,0,Not Started,FY15-T2,FY16 T3,Project,MHS TP,PGM0003,FUN0001,,,,,,PCS0006,Range&Supply,,,,,ACT0071,,,ACT0034,,,,,,,,,,,,,,,,,,,,,1,1,M,FY17?,M,1500,FY17?,M,FY15/T3-FY16,L,FY17?,,,Emil: 2015.04.01,,,,,,,,,,,Emil: 2016.08.31,3,3,Local Pricing|Management
INI0032,Local pricing management pre-study,0,Running,FY15-T1,FY15-T2,Pre-Study,MHS TP,PGM0003,FUN0001,,,,,,PCS0006,Range&Supply,,,,,ACT0071,,,ACT0034,ACT0072,,1,,1,1,1,1,,1,1,,,,,,,,,,1,1,,,,,,,,,,,,2014.11.24,,,,,,,,,Emil: 2015.01.31,Emil: 2015.01.31,Emil: 2015.02.28,2,3,Local Pricing|Management|pre-study
INI0033,Store Range Management move-out,0,Not Started,FY17-T1,FY18-T3,Project,MHS TP,PGM0003,FUN0001,What system should steer what is possible to sell in a store in the future. All rules and information flow around life cycle for articles in a store must be handled.,Remove MHS as the owner of range available for selling. Move out item attributes set in MHS,,,,PCS0006,Range&Supply,Retail,ACT0003,ACT0018,,ACT0024,,,ACT0034,,,,,,,,,,,,,,,,,,,,,1,1,?,?,?,?,?,H,FY17-FY18,M,,,,Emil: 2016.09.01,,,,,,,,,Emil: 2018.08.31,,,3,1,Store Range|Management|move-out
INI0034,Reporting pre-study,0,Closed,FY14 - April,FY14 (2014-07-11),Pre-Study,MHS TP,PGM0003,FUN0012,,,,,,PCS0003,Retail & Expansions,,,,,ACT0073,,,ACT0074,ACT0075,,,,,,,,,,,,,,,,,,,,1,1,,,,,,,,,,,,,,,,,,,,,,,,3,2,Reporting|pre-study
INI0035,Secure Reporting,0,Running,FY15-T1,FY16-T2,Project,MHS TP,PGM0003,FUN0012,,,,,,PCS0003,Retail & Expansions,Retail,,,,ACT0073,ACT0073,,ACT0074,ACT0075,,,,,,,,,,,,,,,,,,,,1,1,L,FY16/T2,M,15000,FY16/T2,M,FY15/T2-FY16/T2,H,FY16/T?,,,PPO: 2014.11.04,PPO: 2014.11.13,,PPO: 2015.01.31,,,,,,PPO: 2015.12.31,,Emil: Emil: 2016.05.31,4,2,Secure|Reporting
INI0036,Tax 4 Orders,0,Running,,FY15-T3,Project,Dependency,PGM0002,FUN0011,Tax 4 orders will secure a correct taxtreatment of all sales and returns based on customer orders.,Unclear - According to eCom there is a small dependency.,,,,PCS0002,Supporting,Business Administration,,,ACT0076,ACT0077,,ACT0012,,ACT0078,,,,,,,,,,,,,,,,,,,,,,,,,,,NONE,,,,,,PPI: 2014.07.23,PPI: 2014.07.23,,PPI: 2015.01.30,,,,,,,,,0,0,Tax 4|Orders
INI0037,TAX Information and Calculation pre-study,0,Closed,,,Pre-Study,MHS TP,PGM0003,FUN0011,,,,,,PCS0002,Supporting,,,,,ACT0010,,,,,,,,,,,,,,,,,,,,,,,,1,1,,,,,,,,,,,,Emil: 2014.09.01,,,,,,,,,Emil: 2015.01.01,,,2,11,TAX Information|and Calculation|pre-study
INI0038,Store Logistic SLM/SGF pre-study,0,Running,FY15-T1,FY15-T2,Pre-Study,MHS TP,PGM0003,FUN0005 FUN0004,"Find the target for SGF, CPS and Recovery part in MHS, should go hand in hand with SLM Prestudy","Define the target for SLM, SGF, Customer Order Picking and Recovery management",,,,PCS0001,Range&Supply,,ACT0003,ACT0004,,ACT0024,ACT0079,,,ACT0080,,1,,1,1,1,1,,1,1,,,,,,,,,,1,1,,,,,,,,,,,,Emil: 2014.12.01,,,Emil: 2014.01.15,,,,,,Emil: 2015.04.10,,Emil: 2015.04.10,2,0,Store Logistic|SLM/SGF|pre-study
INI0039,Sales Location Management move-out,0,Not Started,FY18 T1,FY22-T3,Project,MHS TP,PGM0003,FUN0005,,,,,,PCS0001,Range&Supply,,,,,ACT0071,,,,ACT0080,,,,,,,,,,,,,,,,,,,,1,1,H,FY18-?,H,15000,FY18-?,H,FY18-?,H,FY18-?,,,,,,,,,,,,,,,3,0,Sales Location|Management|move-out
INI0018,Multichannel Logistic Setup for Stores,0,Running,,FY16-T3,Project,Impacting,PGM0002,FUN0004,Integration of eCommerce solution to support click&collect and Remote Stores,Implement necessary for supporting click&collect & remote store.,,,,PCS0001,Range&Supply,,ACT0003,ACT0004,ACT0029,ACT0052,,ACT0001,ACT0029,ACT0056,ACT0057,,,,,,,,,,,,,,,,,,,1,1,,,,,,M,FY16,,,,,PPI: 2014.01.22                  PTT: 2014.01.23,PPI: 2014.01.22,,PPI: 2015.02.01                  PTT: 2014.10.01,,,,,,PPI: 2016.08.31,,,1,1.5,Multichannel|Logistic Set Up|for Stores
INI0019,Multichannel Returns Management,0,Running,,FY16-T3,Project,Impacting,PGM0002,FUN0003 FUN0004,Set solution and process for how to handle returns (internal and external) in a multi channel environment,,,,,PCS0003,Retail & Expansions,,ACT0017,ACT0018,,ACT0052,,,ACT0058,ACT0059,,,,,,,,,,,,,,,,,,,,1,1,,,,,,M,FY15/T3,,,,,Ongoing,,,,,,,,,,,,0,1,Multichannel|Returns|Management
INI0052,Business Credit Mgmt/RIMS,0,Running,FY15 T2,FY16-T2,Activity,MHS TP,PGM0003,,,,,,,,Supporting,Same supporting,,,,,,,,,,,,,,,,,,,,,,,,,,,,,,,,,,,,,,,,,,,,,,,,,,,,,4,6,Business Credit|Management/RIMS
INI0050,Returns pre-study,0,Not Started,FY15-T2,FY16-T1,Pre-Study,MHS TP,PGM0003,FUN0003,,,,,,PCS0003,Retail & Expansions,Retail,,,,,,ACT0084,ACT0085,,,,,,,,,,,,,,,,,,,,,,,,,,,,,,,,,,,,,,,,,,,,,,2,9,Returns|pre-study
INI0051,Returns,0,Not Started,FY16-T2,FY18-T3,Project,MHS TP,PGM0003,FUN0003,Implement the recommended solution for cash and carry and return handling in store (not replacing SAMS).,Remove MHS return object and all functionality connected top the return flow.,,,,PCS0003,Retail & Expansions,Retail,,,,,,,,,,,,,,,,,,,,,,,,,,,,,,,,,,,,,,,,,,,,,,,,,,,,,3,9,Returns
INI0012,Support Ticket Management pre-study,0,Not Started,FY15-T3,FY16-T1,Pre-Study,Dependency,PGM0001,FUN0003,,,,,,PCS0003,Retail & Expansions,,,,,ACT0019,,,ACT0047,,,,,,,,,,,,,,,,,,,,,,,,,,,,,,,,,,2015.01.01,,,,,,,,,Emil: 2015.08.31,,Emil: 2015.04.30,0,7,Support Ticket|Management|pre-study
INI0013,Support Ticket Management,0,Not Started,FY16-T1,FY17-T3,Project,Dependency,PGM0001,FUN0003,,,,,,PCS0003,Retail & Expansions,,,,,ACT0019,,,,,,,,,,,,,,,,,,,,,,,,1,1,H,?,H,15000,?,H,FY16-FY17,H,?,,,Emil: 2015.08.31,,,,,,,,,,,,1,7,Support Ticket|Management
INI0010,DWP,0,Running,FY15-T1,FY15-T3,Project,Impacting,PGM0001,FUN0004,Improve data quality and get better accuracy in DWP information,"Consider MHS TP in the design by splitting need in terms of SGF, SLM and other components.",,,,PCS0001,Range&Supply,Handling & Storage,ACT0003,ACT0004,ACT0039,ACT0024,,ACT0039,,ACT0040,ACT0041,,,,,,,,,,,,,,,,,,,,,,,,,,,,,,,,PPI: 2014.06.08,PPI: 2014.06.08,,PPI: 2014.12.05                   Emil: 2014.12.15,PPI: 2014.12.05,,PPI: 2015.04.30,PPI: 2015.04.30,,PPI: 2015.08.31                   Emil: 2015.05.30,PPI: 2015.08.31,,5,2,DWP
INI0011,Future BI Landscape,0,Running,FY14-T1,FY16-T2,Project,Impacting,PGM0001,FUN0012,,To only fetch information from source system and not MHS. Utilize integration point for integration,,,,PCS0002,Supporting,Business Performance,ACT0009,ACT0042,ACT0043,ACT0010,,ACT0043,ACT0044,ACT0045,ACT0046,,,,,,,,,,,,,,,,,,,1,1,,,,,,L,FY15/T3,,,,,PPI: 2013.04.17                        PTT:2013.04.15,PPI: 2013.04.17                          PTT:2013.04.15,,PPI: 2014.02.03                         PTT:2014.01.20,PPI: 2014.02.05                      PTT:2014.01.20,,PPI: 2015.12.31                    PTT: 2015.10.31,PPI: 2015.12.31,,PPI: 2016.02.15                       PTT: 2016.02.15,,,5,3,Future BI|Landscape
INI0016,Multichannel Replenishment pre-study,0,Closed,,,Pre-Study,Dependency,PGM0001,FUN0002,,Range management,,,,PCS0004,Range&Supply,,,,,,,,,,,,,,,,,,,,,,,,,,,,,,,,,,,,,,,,,,,,,,,,,,,FY14,,,0,4,Multichannel|Replenishment|pre-study
INI0017,SOM,0,Running,,FY16-T3,Project,Dependency,PGM0002,FUN0006,Initiative with purpose to develop and implement a total distribution solution for eCommerce,Remove MHS role in all orders with services,,,,PCS0001,Range&Supply,Order & Delivery,ACT0003,ACT0004,ACT0051,ACT0052,ACT0025,ACT0002,ACT0053,ACT0054,ACT0055,,,,,,,,,,,,,,,,,,,1,1,,,,,,L,FY16,,,,,PPI: 2013.02.21                  PTT: 2013.03.04,PPI: 2013.03.04,,PPI: 2014.05.16                  PTT: 2014.05.16,PPI: 2014.05.16,,PPI: 2016.06.02                  PTT: 2015.05.30,PPI: 2016.06.02,,PPI: 2016.08.19                  PTT: 2016.08.31,,,0,2,SOM
INI0014,Integrated Finance Platform,0,Running,FY15-T1,FY20-T3,Project/Program,Impacting,PGM0001,FUN0008,,To minimize the needs of information from MHS,,,,PCS0002,Supporting,,ACT0009,,,ACT0010,,,ACT0048,ACT0049,,,,,,,,,,,,,,,,,,,,,,,,,,,,,,,,,,,,,,,,,,,,,5,4,Integrated|Finance|Platform
INI0015,Traceability,0,Not Started,FY16,,Project,Impacting,PGM0001,ALL,,,,,,PCS0004,Range&Supply,,ACT0003,ACT0050,,ACT0024,,,,,,,,,,,,,,,,,,,,,,,,,,?,?,?,?,?,?,?,?,?,,,,,,,,,,,,?,,,5,5,Traceability
INI0045,Remove MHS System Dependencies  pre-study,0,Not Started,FY16-T1,FY16-T2,Pre-Study,MHS TP,PGM0003,FUN0013,"Removing system dependencies from MHS, e.g. PTAG and VTS where there are other data sources possible for the information. Sales order  (pure full serve not handled by SOM), etc",Remove system dependencies with only technical dependencies to MHS,,,,PCS0005,?,,,,,ACT0083,,,,,,,,,,,,,,,,,,,,,,,,,,,,,,,,,,,,,,,,,,,,,,Emil: 2016.08.31,,,2,4,Remove MHS System|Dependencies|pre-study
INI0044,Standardize  and Prepare,0,Running,FY15-T1,FY20-T3,Activity,MHS TP,PGM0003,ALL,"Plaftorm Independent GUI, move to C++, other outcomes from PoC to simplify a future migration",To consolidate business logic and simplify move out and migration,,,,PCS0005,Supporting,,,,,ACT0083,,,,,,,,,,,,,,,,,,,,,,,,,,?,?,?,?,?,L,FY15-FY20,L,?,,,,,,,,,,,,,,,4,11,Standardize|and Prepare
INI0027,Receipt Management pre-study,0,Not Started,FY16-T1,FY16-T2,Pre-Study,MHS TP,PGM0003,FUN0009,,,,,,PCS0003,Retail & Expansions,,,,,ACT0019,,,ACT0020,ACT0065,,,,,,,,,,,,,,,,,,,,,,,,,,,,,,,,,2016.01.01,,,,,,,,,Emil: 2016.08.31,,Emil: 2016.08.31,3,8,Receipt|Management|pre-study
INI0026,Customer Financing Re-Design,0,Not Started,FY16-T1,FY16-T3,Project,MHS TP,PGM0003,FUN0009,Remove all credit management for IKEA business customer cards and family cards from MHS.,MHS has nothing to do with consumer finance or business credit any more,,,,PCS0003,Retail & Expansions,,ACT0009,,,ACT0019,,,ACT0020,,,,,,,,,,,,,,,,,,,,,1,1,M,FY16/T3,L,3000,FY16/T3,M,FY16,M,FY16/T?,,,Emil: 2015.09.01,,,,,,,,,,,Emil: 2016.08.31,3,6,Customer|Financing|Re-Design
INI0025,Customer Financing Re-Design pre-study,0,Running,FY15-T1,FY15-T3,Pre-Study,MHS TP,PGM0003,FUN0009,,,,,,PCS0003,Retail & Expansions,,,,,ACT0019,,,ACT0020,,,,,,,,,,,,,,,,,,,,,,,,,,,,,,,,,,Emil: 2015.01.01,,,Emil: 2015.03.01,,,,,,Emil: 2015.08.15,,End FY16,2,6,Customer Financing|Re-Design|pre-study
INI0024,Cash Management,0,Not Started,FY16-T2,FY17-T2,Project,MHS TP,PGM0003,FUN0009,Close down usage of all cash reconcilliation in MHS (and store point for non food sales) and cleanup the code,No cash reconcilliation code in MHS and MHS being indepent of full receipt information,,,,PCS0003,Retail & Expansions,,,,,ACT0019,,,ACT0020,,,,,,,,,,,,,,,,,,,,,1,1,L,FY16/T3,M,3000,FY16/T3,M,FY16,M,FY16/T3,,,Emil: 2015.09.01,,,,,,,,,Emil: 2016.08.31,,,3,7,Cash|Management
INI0023,Cash Management pre-study,0,Not Started,FY16-T1,FY16-T1,Pre-Study,MHS TP,PGM0003,FUN0009,Close down usage of all cash reconcilliation in MHS (and store point for non food sales) and cleanup the code,No cash reconcilliation code in MHS and MHS being indepent of full receipt information,,,,PCS0003,Retail & Expansions,,,,,ACT0019,,,ACT0020,,,,,,,,,,,,,,,,,,,,,,,,,,,,,,,,,,,,,,,,,,,,,,2,7,Cash|Management|pre-study
INI0022,Local Integration Platform,0,Not Started,FY16-T1,FY16-T3,Project,MHS TP,PGM0003,FUN0013,A solution that takes over MHS role as a local integration service is needed,To have a solution which  MHS integrations can be moved to,,0,,PCS0005,Supporting,,ACT0017,ACT0018,,ACT0064,,,ACT0066,,ACT0067,,,,,,,,,,,,,,,,,,,,,L,FY16/T3,L,500,FY16,H,FY15-FY16,L,FY16,,,,,,,,,,,,,,Emil: 2016.08.31,3,4.5,Local|Integration|Platform
INI0021,Local Integration Platform pre-study,0,Running,FY15-T1,FY15-T2,Pre-Study,MHS TP,PGM0003,FUN0013,A solution that takes over MHS role as a local integration service is needed,To have a solution which  MHS integrations can be moved to,,0,,PCS0005,Supporting,,ACT0017,ACT0018,ACT0063,ACT0064,ACT0065,,ACT0066,,ACT0067,,,,,,,,,,,,,,,,,,,,,,,,,,,,,,,,,,,,,,,,,,Emil: 2015.04.30,Emil:2015.04.30,2,5,Local Integration|Platform|pre-study
INI0020,eCom Global Rollout,0,Running,,FY17 T3,Project,Dependency,PGM0002,,Define how to define the range in a multichannel environment,Rollout eCom solution to all countries with implementations of all the eCom projects,,,,PCS0001,Retail & Expansions,,ACT0052,ACT0060,,ACT0052,,,,,,,,,,,,,,,,,,,,,,,,,,,,,,,NONE?,FY?,,,,,,PPO: 2014.02.17,,PPO: 2014.08.26,PPO: 2015.05.28,,,,,,,,1,0,eCom|Global|Rollout
INI0029,Customer Order Management clean-up pre-study,0,Not Started,FY15-T2,FY15-T3,Pre-Study,MHS TP,PGM0003,FUN0006,"Move all CCD and old C&C order structures, report and screens from MHS. Secure that WinMHS is really closed down.",Cleanup old C&C and CCD order management in MHS. Also remove DB server.,,,,PCS0001,Retail & Expansions,,,,,ACT0024,,ACT0068,ACT0034,,,,,,,,,,,,,,,,,,,,,,,,,,,,,,,,,,Emil:2015.04.01,,,,,,,,,2015.08.31,,,2,10,Customer Order|Management|Clean-Up pre-study
INI0028,Receipt Management/Integration move-out,0,Not Started,FY17-T1,FY18-T3,Project,MHS TP,PGM0003,FUN0009,"Receipt information , payment information, family card sales, etc has to be moved out of MHS unless needed by SGF, SLM and Customer Order Picking","MHS only received the receipt information needed by SGF, SLM and Customer Order Picking",,,,PCS0003,Retail & Expansions,,ACT0017,ACT0018,,ACT0019,,,,,,,,,,,,,,,,,,,,,,,,1,1,?,FY17-FY18,?,?,FY18,H,FY17-FY18,H,FY18,,,Emil: 2016.09.01,,,,,,,,,Emil: 2018.08.31,,Emil: 2016.08.31,4,8,Receipt|Management/|Integration move-out
INI0009,One Common Replenishment,0,Not Started,FY16-T1,FY17-T3,Project,Dependency,PGM0001,FUN0002,Move the replenishment logic to JDA and in this move out Forecasting and Safety stock from MHS,Removes all forecasting and safety stock from MHS so that SRS part of MHS can  be closed,,,,PCS0004,Range&Supply,,ACT0003,ACT0004,,ACT0024,,,ACT0024,ACT0002,,,,,,,,,,,,,,,,,,,,1,1,,,,,,,,,,,,Emil: 2015.09.01,,,,,,,,,Emil: 2017.08.31,,,1,4,One|Common|Replenishment
INI0008,New Shortage Handling pre-study,0,Running,FY15-T2,FY15-T3,Pre-Study,Impacting,PGM0001,,New way of calculating and act on shortages. New shortage reasons that are more precise,Align with MHS TP in prestudy and not add major development to MHS,,,,PCS0004,Range&Supply,,ACT0003,ACT0004,,ACT0024,,,,ACT0038,,,,,,,,,,,,,,,,,,,,,,,,,,,,,,,,,,,,,,,,,,,,,5,0,New|Shortage Handling|pre-study
INI0047,Store Range Management pre-study,0,Not Started,FY16-T2,FY16-T3,Pre-Study,MHS TP,PGM0003,FUN0001,What system should steer what is possible to sell in a store in the future. All rules and information flow around life cycle for articles in a store must be handled.,Remove MHS as the owner of range available for selling. Move out item attributes set in MHS,,,,PCS0006,Range&Supply,Retail,ACT0003,ACT0018,,ACT0024,,,ACT0034,,,,,,,,,,,,,,,,,,,,,,,,,,,,,,,,,,,,,,,,,,,Emil: 2016.08.31,,,2,1,Store Range|Management|pre-study
INI0046,Remove MHS System Dependencies,0,Not Started,FY16-T3,FY17-T3,Project,MHS TP,PGM0003,FUN0013,"Removing system dependencies from MHS, e.g. PTAG and VTS where there are other data sources possible for the information. Sales order  (pure full serve not handled by SOM), etc",Remove system dependencies with only technical dependencies to MHS,,,,PCS0005,?,,,,,ACT0083,,,,,,,,,,,,,,,,,,,,,,,,1,1,?,?,?,?,?,H,FY17,L,?,,,,,,,,,,,,,,,4,4,Remove|MHS System|Dependencies
INI0041,Secure Local Solutions,0,Not Started,FY15-T2,FY15-T3,Project/Activity -TBD,MHS TP,PGM0003,FUN0014,Identify local solutions with MHS impact and secure local solutions by adressing them as not supported or as 'approved' by providing APIs that will last beyond MHS move outs.,Secure all local solutions identified in 'Identify Local Solutions'. Either decomission or change data source,,,,PCS0005,Supporting,Same supporting,,,,ACT0073,ACT0081,ACT0019,ACT0082,,,,,,,,,,,,,,,,,,,,,1,1,M,FY16/T2,M,500,FY16/T2,NONE,,NONE,,,,Emil: 2015.02.01,,,,,,,,,,,,4,5,Secure|Local|Solutions
INI0040,Store Logistic Operation move-out,0,Not Started,FY18-T1,FY22-T3,Project,MHS TP,PGM0003,FUN0004,"Implement target for SGF, CPS and Recovery and remove it from OpenVMS","Move SLM, SGF, Customer Order Picking and Recovery management from the OpenVMS platform to the defined target",,,,PCS0001,Range&Supply,,ACT0003,ACT0004,,ACT0030,,,,,,,,,,,,,,,,,,,,,,,,1,1,H,FY18-?,H,30000,FY18-?,H,FY18-?,H,FY18-?,,,,,,,,,,,,,,,4,1,Store Logistic|Operation|move-out
INI0043,MHS Initial clean-up,0,Running,FY14-T1,FY15-T3,Activity,MHS TP,PGM0003,ALL,Cleanup database and code that is no longer used in MHS. Most likely not driven as a project,"To get rid of unused information in the database to simplify analysis, move out and potential migration",,,,PCS0005,Supporting,,,,,ACT0083,,,,,,,,,,,,,,,,,,,,,,,,,,NONE,,NONE,,,L,FY15,L,FY15,,,Emil: 2014.09.01,,,,,,,,,Emil: 2015.08.31,,2015.08.31,4,10,MHS Initial|Clean-Up
INI0042,Proof of Concept,0,Running,,FY15-T2,Activity,MHS TP,PGM0003,FUN0015,,,,,,PCS0005,Supporting,,,,,ACT0083,,,,,,,,,,,,,,,,,,,,,,,,,,NONE,,NONE,,,NONE,,NONE,,,PoC ready 15.03.31,Emil: 2014.09.01,,,,,,,,,Emil: 2015.03.30,,Emil: 2015.03.30,4,9,Proof of|Concept
INI0001,One COS,0,Closed,,,Project,Dependency,PGM0001,FUN0006,,,,,,PCS0001,Range&Supply,,ACT0003,ACT0004,,,,ACT0005,,ACT0006,ACT0007,,,,,,,,,,,,,,,,,,,1,1,,,,,,NONE,,,,,,Complete,Complete,Complete,Complete,Complete,Complete,Complete,Complete,Complete,Complete,Complete,Complete,0,9.5,One COS
INI0003,POS Upgrade,0,Roll out,,FY15-T3,Project,Dependency,PGM0001,FUN0009,One global payment system,Take over all cash management responsibility and remove Calypso/IBM4690 solutions,,,,PCS0003,Retail & Expansions,,ACT0017,ACT0018,ACT0019,ACT0019,ACT0019,ACT0020,ACT0020,ACT0021,ACT0022,,,,,,,,,,,,,,,,,,,1,1,,,,,,NONE,,,,,,PTT: 2010.03.05,PPO: 2010.03.31,,PPO: 2012.12.17                PTT: 2012.12.27,PPO: 2012.12.17                PTT: 2012.12.27,,PTT: 2013.09.01,PTT: 2013.12.20,,PPO: 2015.08.28                 PTT: 2015.08.30,,Emil: 2015.08.30,1,6,POS|Upgrade
INI0002,SAREC+,0,Roll out,,FY16-T3,Project,Dependency,PGM0001,FUN0008,"New standards, routines and tools for",Take over all cash reconcilliation  and business accounting,,,,PCS0002,Supporting,Business Administration or N/A?,ACT0009,,,ACT0010,,ACT0011,ACT0012,ACT0013,ACT0014,,,,,,,,,,,,,,,,,,,1,1,,,,,,NONE,,,,,,PTT: 2014.01.02,PTT: 2014.01.02,,PTT: 2015.01.05,,,PTT: 2015.11.30,,,,,,1,5,SAREC+
INI0005,PinS,0,Roll out,,,Project,Dependency,PGM0001,FUN0004,Rollout Picking in Store to all stores,Complete rollout of PinS and sales order,,,,PCS0001,Range&Supply,Order & Delivery,ACT0003,ACT0004,ACT0029,ACT0030,,ACT0029,,ACT0031,ACT0032,,,,,,,,,,,,,,,,,,,,,,,,,,NONE,,,,,,Complete,Complete,Complete,Complete,Complete,Complete,Complete,Complete,Complete,Complete,Complete,Complete,1,11,PinS
INI0004,STMS Delivery Planning,0,Running,,FY15-T3,Project,Impacting,PGM0001,FUN0004,Expectation is to not add on logic in MHS unless it clearly takes us towards a target solution,"Replacing CNS, new foundation for the delivery area in IKEA",,,,PCS0001,Range&Supply,Order & Delivery,ACT0003,ACT0004,ACT0023,ACT0024,ACT0025,ACT0026,,ACT0027,ACT0028,,,,,,,,,,,,,,,,,,,1,1,,,,,,M,FY15/T2-T3,,,,,LDI: 2014.02.07                   PTT: 2014.02.12,LDI: 2014.02.07                   PTT: 2014.02.12,,LDI: 2015.01.31                    PTT: 2015.01.30,PPI: 2015.01.31                    PTT:2015.01.30,,,,,PPI:2015.08.31,,,5,1,STMS|Delivery|Planning
INI0007,Quality Deviation,0,Running,,FY18-T3,Project,Dependency,PGM0001,FUN0001,Capture and handle quality deviations and handle sales stops...,Adds  sales stop integration to MHS and disable Sales stop administration in MHS,,,,PCS0004,Range&Supply,Purchasing & Supplier Development,ACT0003,ACT0004,ACT0035,ACT0024,,ACT0035,,ACT0036,ACT0037,,,,,,,,,,,,,,,,,,,,,,,,,,L,FY15/T3-FY16-T1,,,,,PPI: 2013.07.01                  PTT: 2013.07.01,PPI: 2013.07.01                  PTT: 2013.07.01,,PPI: 2014.12.17                    PTT: 2014.12.17,,,,,,PPI: 2017.03.31,,,1,8,Quality|Deviation
INI0006,Centiro FR,0,Closed,,,Project,Dependency,PGM0001,FUN0006,Rollout centiro in France,Remove all HODS usage in MHS and enable cleanup of old customer order logic in MHS,,,,PCS0004,Range&Supply,,ACT0003,ACT0004,,ACT0024,,,ACT0034,ACT0031,,,,,,,,,,,,,,,,,,,,1,1,,,,,,NONE,,,,,,Ongoing,,,,,,,,,Emil: 2015.12.01 (France Dec 2014),,,1,9,Centiro FR
INI0053,PTAG Replacement,1,Not Started,FY16,,Project,Dependency,,FUN0001,,,,,,PCS0006,Range&Supply,,,,,,,,ACT0034,,,,,,,,,,,,,,,,,,,,,,,,,,,,,,,,,,,,,,,,,,,,,,,,
